-- MySQL dump 10.13  Distrib 9.6.0, for Win64 (x86_64)
--
-- Host: localhost    Database: ecommerce
-- ------------------------------------------------------
-- Server version	9.6.0

/*!40101 SET @OLD_CHARACTER_SET_CLIENT=@@CHARACTER_SET_CLIENT */;
/*!40101 SET @OLD_CHARACTER_SET_RESULTS=@@CHARACTER_SET_RESULTS */;
/*!40101 SET @OLD_COLLATION_CONNECTION=@@COLLATION_CONNECTION */;
/*!50503 SET NAMES utf8mb4 */;
/*!40103 SET @OLD_TIME_ZONE=@@TIME_ZONE */;
/*!40103 SET TIME_ZONE='+00:00' */;
/*!40014 SET @OLD_UNIQUE_CHECKS=@@UNIQUE_CHECKS, UNIQUE_CHECKS=0 */;
/*!40014 SET @OLD_FOREIGN_KEY_CHECKS=@@FOREIGN_KEY_CHECKS, FOREIGN_KEY_CHECKS=0 */;
/*!40101 SET @OLD_SQL_MODE=@@SQL_MODE, SQL_MODE='NO_AUTO_VALUE_ON_ZERO' */;
/*!40111 SET @OLD_SQL_NOTES=@@SQL_NOTES, SQL_NOTES=0 */;
SET @MYSQLDUMP_TEMP_LOG_BIN = @@SESSION.SQL_LOG_BIN;
SET @@SESSION.SQL_LOG_BIN= 0;

--
-- GTID state at the beginning of the backup 
--

SET @@GLOBAL.GTID_PURGED=/*!80000 '+'*/ 'a21f58ba-0391-11f1-a46d-706979a14731:1-203';

--
-- Table structure for table `clients`
--

DROP TABLE IF EXISTS `clients`;
/*!40101 SET @saved_cs_client     = @@character_set_client */;
/*!50503 SET character_set_client = utf8mb4 */;
CREATE TABLE `clients` (
  `idClient` int NOT NULL AUTO_INCREMENT,
  `Fname` varchar(15) DEFAULT NULL,
  `Minit` char(3) DEFAULT NULL,
  `Lname` varchar(20) DEFAULT NULL,
  `CPF` char(11) NOT NULL,
  `Address` varchar(100) DEFAULT NULL,
  PRIMARY KEY (`idClient`),
  UNIQUE KEY `unique_cpf_client` (`CPF`)
) ENGINE=InnoDB AUTO_INCREMENT=7 DEFAULT CHARSET=utf8mb4 COLLATE=utf8mb4_0900_ai_ci;
/*!40101 SET character_set_client = @saved_cs_client */;

--
-- Dumping data for table `clients`
--

LOCK TABLES `clients` WRITE;
/*!40000 ALTER TABLE `clients` DISABLE KEYS */;
INSERT INTO `clients` VALUES (1,'Maria','M','Silva','12346789','rua silva de prata 29, Carangola - Cidade das flores'),(2,'Matheus','O','Pimentel','987654321','rua alameda 289, Centro - Cidade das flores'),(3,'Ricardo','F','Silva','45678913','avenida alameda vinha 1009, Centro - Cidade das flores'),(4,'Julia','S','França','789123456','rua laranjeiras 861, Centro - Cidade das flores'),(5,'Roberta','G','Assis','98745631','avenidade koller 19, Centro - Cidade das flores'),(6,'Isabela','M','Cruz','654789123','rua alameda das flores 28, Centro - Cidade das flores');
/*!40000 ALTER TABLE `clients` ENABLE KEYS */;
UNLOCK TABLES;
/*!50003 SET @saved_cs_client      = @@character_set_client */ ;
/*!50003 SET @saved_cs_results     = @@character_set_results */ ;
/*!50003 SET @saved_col_connection = @@collation_connection */ ;
/*!50003 SET character_set_client  = utf8mb4 */ ;
/*!50003 SET character_set_results = utf8mb4 */ ;
/*!50003 SET collation_connection  = utf8mb4_0900_ai_ci */ ;
/*!50003 SET @saved_sql_mode       = @@sql_mode */ ;
/*!50003 SET sql_mode              = 'ONLY_FULL_GROUP_BY,STRICT_TRANS_TABLES,NO_ZERO_IN_DATE,NO_ZERO_DATE,ERROR_FOR_DIVISION_BY_ZERO,NO_ENGINE_SUBSTITUTION' */ ;
DELIMITER ;;
/*!50003 CREATE*/ /*!50017 DEFINER=`root`@`localhost`*/ /*!50003 TRIGGER `trg_before_delete_client` BEFORE DELETE ON `clients` FOR EACH ROW begin

insert into clients_backup (idClient, Fname, Lname, CPF)
values (old.idClient, old.Fname, old.Lname, old.CPF);
end */;;
DELIMITER ;
/*!50003 SET sql_mode              = @saved_sql_mode */ ;
/*!50003 SET character_set_client  = @saved_cs_client */ ;
/*!50003 SET character_set_results = @saved_cs_results */ ;
/*!50003 SET collation_connection  = @saved_col_connection */ ;

--
-- Table structure for table `clients_backup`
--

DROP TABLE IF EXISTS `clients_backup`;
/*!40101 SET @saved_cs_client     = @@character_set_client */;
/*!50503 SET character_set_client = utf8mb4 */;
CREATE TABLE `clients_backup` (
  `idClient` int DEFAULT NULL,
  `Fname` varchar(15) DEFAULT NULL,
  `Lname` varchar(20) DEFAULT NULL,
  `CPF` char(11) DEFAULT NULL,
  `deleted_at` timestamp NULL DEFAULT CURRENT_TIMESTAMP
) ENGINE=InnoDB DEFAULT CHARSET=utf8mb4 COLLATE=utf8mb4_0900_ai_ci;
/*!40101 SET character_set_client = @saved_cs_client */;

--
-- Dumping data for table `clients_backup`
--

LOCK TABLES `clients_backup` WRITE;
/*!40000 ALTER TABLE `clients_backup` DISABLE KEYS */;
/*!40000 ALTER TABLE `clients_backup` ENABLE KEYS */;
UNLOCK TABLES;

--
-- Table structure for table `delivery`
--

DROP TABLE IF EXISTS `delivery`;
/*!40101 SET @saved_cs_client     = @@character_set_client */;
/*!50503 SET character_set_client = utf8mb4 */;
CREATE TABLE `delivery` (
  `idDelivery` int NOT NULL AUTO_INCREMENT,
  `idOrder` int NOT NULL,
  `deliveryStatus` enum('Preparando','Enviado','Em Trânsito','Entregue','Devolvido') NOT NULL DEFAULT 'Preparando',
  `trackingCode` varchar(100) NOT NULL,
  `carrier` varchar(100) DEFAULT NULL,
  `estimatedDate` date DEFAULT NULL,
  PRIMARY KEY (`idDelivery`),
  UNIQUE KEY `trackingCode` (`trackingCode`),
  KEY `fk_delivery_order` (`idOrder`),
  CONSTRAINT `fk_delivery_order` FOREIGN KEY (`idOrder`) REFERENCES `orders` (`idOrder`) ON DELETE CASCADE ON UPDATE CASCADE
) ENGINE=InnoDB AUTO_INCREMENT=2 DEFAULT CHARSET=utf8mb4 COLLATE=utf8mb4_0900_ai_ci;
/*!40101 SET character_set_client = @saved_cs_client */;

--
-- Dumping data for table `delivery`
--

LOCK TABLES `delivery` WRITE;
/*!40000 ALTER TABLE `delivery` DISABLE KEYS */;
INSERT INTO `delivery` VALUES (1,1,'Enviado','BR123456789BR','Correios','2026-03-08');
/*!40000 ALTER TABLE `delivery` ENABLE KEYS */;
UNLOCK TABLES;

--
-- Table structure for table `orders`
--

DROP TABLE IF EXISTS `orders`;
/*!40101 SET @saved_cs_client     = @@character_set_client */;
/*!50503 SET character_set_client = utf8mb4 */;
CREATE TABLE `orders` (
  `idOrder` int NOT NULL AUTO_INCREMENT,
  `idOrderClient` int DEFAULT NULL,
  `idOrderPayment` int DEFAULT NULL,
  `orderStatus` enum('Cancelado','Confirmado','Em processamento') DEFAULT 'Em processamento',
  `orderDescription` varchar(255) DEFAULT NULL,
  `sendValue` float DEFAULT '10',
  PRIMARY KEY (`idOrder`),
  KEY `fk_order_client` (`idOrderClient`),
  KEY `fk_order_payment` (`idOrderPayment`),
  CONSTRAINT `fk_order_client` FOREIGN KEY (`idOrderClient`) REFERENCES `clients` (`idClient`),
  CONSTRAINT `fk_order_payment` FOREIGN KEY (`idOrderPayment`) REFERENCES `payments` (`idPayment`)
) ENGINE=InnoDB AUTO_INCREMENT=9 DEFAULT CHARSET=utf8mb4 COLLATE=utf8mb4_0900_ai_ci;
/*!40101 SET character_set_client = @saved_cs_client */;

--
-- Dumping data for table `orders`
--

LOCK TABLES `orders` WRITE;
/*!40000 ALTER TABLE `orders` DISABLE KEYS */;
INSERT INTO `orders` VALUES (1,1,NULL,'Em processamento','compra via aplicativo',1),(2,2,NULL,'Em processamento','compra via aplicativo',0),(3,3,NULL,'Confirmado',NULL,1),(4,4,NULL,'Em processamento','compra via web site',0),(5,1,1,'Confirmado','pedido teste',10),(6,1,3,'Confirmado','pedido teste',10),(7,1,4,'Confirmado','pedido teste',10),(8,1,5,'Confirmado','pedido via procedure',10);
/*!40000 ALTER TABLE `orders` ENABLE KEYS */;
UNLOCK TABLES;

--
-- Table structure for table `payments`
--

DROP TABLE IF EXISTS `payments`;
/*!40101 SET @saved_cs_client     = @@character_set_client */;
/*!50503 SET character_set_client = utf8mb4 */;
CREATE TABLE `payments` (
  `idPayment` int NOT NULL AUTO_INCREMENT,
  `idClient` int DEFAULT NULL,
  `TypePayment` enum('Crédito','Débito','Pix') DEFAULT NULL,
  `limitAvailable` float DEFAULT NULL,
  PRIMARY KEY (`idPayment`),
  KEY `fk_payment_client` (`idClient`),
  CONSTRAINT `fk_payment_client` FOREIGN KEY (`idClient`) REFERENCES `clients` (`idClient`)
) ENGINE=InnoDB AUTO_INCREMENT=6 DEFAULT CHARSET=utf8mb4 COLLATE=utf8mb4_0900_ai_ci;
/*!40101 SET character_set_client = @saved_cs_client */;

--
-- Dumping data for table `payments`
--

LOCK TABLES `payments` WRITE;
/*!40000 ALTER TABLE `payments` DISABLE KEYS */;
INSERT INTO `payments` VALUES (1,1,'Pix',1000),(2,1,'Pix',1000),(3,1,'Pix',1000),(4,1,'Pix',1000),(5,1,'Pix',1000);
/*!40000 ALTER TABLE `payments` ENABLE KEYS */;
UNLOCK TABLES;

--
-- Table structure for table `product`
--

DROP TABLE IF EXISTS `product`;
/*!40101 SET @saved_cs_client     = @@character_set_client */;
/*!50503 SET character_set_client = utf8mb4 */;
CREATE TABLE `product` (
  `idProduct` int NOT NULL AUTO_INCREMENT,
  `Pname` varchar(50) NOT NULL,
  `category` enum('Eletrônico','Vestimenta','Brinquedos','Alimentos','Móveis','Livro') NOT NULL,
  `Avaliação` float DEFAULT '0',
  PRIMARY KEY (`idProduct`)
) ENGINE=InnoDB AUTO_INCREMENT=163 DEFAULT CHARSET=utf8mb4 COLLATE=utf8mb4_0900_ai_ci;
/*!40101 SET character_set_client = @saved_cs_client */;

--
-- Dumping data for table `product`
--

LOCK TABLES `product` WRITE;
/*!40000 ALTER TABLE `product` DISABLE KEYS */;
INSERT INTO `product` VALUES (154,'Fone de ouvido','Eletrônico',4),(155,'Barbie Elsa','Brinquedos',3),(156,'Body Carters','Vestimenta',5),(157,'Microfone Vedo - Youtuber','Eletrônico',4),(158,'Comida japonesa','Alimentos',4),(159,'Sofá retrátil','Móveis',3),(160,'Farinha de arroz','Alimentos',2),(161,'Maus','Livro',4),(162,'Fire Stick Amazon','Eletrônico',3);
/*!40000 ALTER TABLE `product` ENABLE KEYS */;
UNLOCK TABLES;

--
-- Table structure for table `productorder`
--

DROP TABLE IF EXISTS `productorder`;
/*!40101 SET @saved_cs_client     = @@character_set_client */;
/*!50503 SET character_set_client = utf8mb4 */;
CREATE TABLE `productorder` (
  `idPOproduct` int NOT NULL,
  `idPOorder` int NOT NULL,
  `podQuantity` int DEFAULT '1',
  `poStatus` enum('Disponível','Sem estoque') DEFAULT 'Disponível',
  PRIMARY KEY (`idPOproduct`,`idPOorder`),
  KEY `fk_productorder_product` (`idPOorder`),
  CONSTRAINT `fk_productorder_product` FOREIGN KEY (`idPOorder`) REFERENCES `orders` (`idOrder`),
  CONSTRAINT `fk_productorder_seller` FOREIGN KEY (`idPOproduct`) REFERENCES `product` (`idProduct`)
) ENGINE=InnoDB DEFAULT CHARSET=utf8mb4 COLLATE=utf8mb4_0900_ai_ci;
/*!40101 SET character_set_client = @saved_cs_client */;

--
-- Dumping data for table `productorder`
--

LOCK TABLES `productorder` WRITE;
/*!40000 ALTER TABLE `productorder` DISABLE KEYS */;
INSERT INTO `productorder` VALUES (154,1,2,NULL),(154,7,1,'Disponível'),(154,8,1,'Disponível'),(155,2,1,NULL),(156,3,1,NULL);
/*!40000 ALTER TABLE `productorder` ENABLE KEYS */;
UNLOCK TABLES;

--
-- Table structure for table `productseller`
--

DROP TABLE IF EXISTS `productseller`;
/*!40101 SET @saved_cs_client     = @@character_set_client */;
/*!50503 SET character_set_client = utf8mb4 */;
CREATE TABLE `productseller` (
  `idPseller` int NOT NULL,
  `idPproduct` int NOT NULL,
  `prodQuantity` int DEFAULT '1',
  PRIMARY KEY (`idPseller`,`idPproduct`),
  KEY `fk_product_product` (`idPproduct`),
  CONSTRAINT `fk_product_product` FOREIGN KEY (`idPproduct`) REFERENCES `product` (`idProduct`),
  CONSTRAINT `fk_product_seller` FOREIGN KEY (`idPseller`) REFERENCES `seller` (`idSeller`)
) ENGINE=InnoDB DEFAULT CHARSET=utf8mb4 COLLATE=utf8mb4_0900_ai_ci;
/*!40101 SET character_set_client = @saved_cs_client */;

--
-- Dumping data for table `productseller`
--

LOCK TABLES `productseller` WRITE;
/*!40000 ALTER TABLE `productseller` DISABLE KEYS */;
INSERT INTO `productseller` VALUES (1,154,80),(2,155,10);
/*!40000 ALTER TABLE `productseller` ENABLE KEYS */;
UNLOCK TABLES;

--
-- Table structure for table `productstorage`
--

DROP TABLE IF EXISTS `productstorage`;
/*!40101 SET @saved_cs_client     = @@character_set_client */;
/*!50503 SET character_set_client = utf8mb4 */;
CREATE TABLE `productstorage` (
  `idProdStorage` int NOT NULL AUTO_INCREMENT,
  `storageLocation` varchar(255) DEFAULT NULL,
  `quantity` int DEFAULT '0',
  PRIMARY KEY (`idProdStorage`)
) ENGINE=InnoDB AUTO_INCREMENT=7 DEFAULT CHARSET=utf8mb4 COLLATE=utf8mb4_0900_ai_ci;
/*!40101 SET character_set_client = @saved_cs_client */;

--
-- Dumping data for table `productstorage`
--

LOCK TABLES `productstorage` WRITE;
/*!40000 ALTER TABLE `productstorage` DISABLE KEYS */;
INSERT INTO `productstorage` VALUES (1,'Rio de Janeiro',995),(2,'Rio de Janeiro',500),(3,'São Paulo',10),(4,'São Paulo',100),(5,'São Paulo',10),(6,'Brasilia',60);
/*!40000 ALTER TABLE `productstorage` ENABLE KEYS */;
UNLOCK TABLES;

--
-- Table structure for table `productsupplier`
--

DROP TABLE IF EXISTS `productsupplier`;
/*!40101 SET @saved_cs_client     = @@character_set_client */;
/*!50503 SET character_set_client = utf8mb4 */;
CREATE TABLE `productsupplier` (
  `idPsSupplier` int NOT NULL,
  `idPsProduct` int NOT NULL,
  `quantity` int NOT NULL,
  PRIMARY KEY (`idPsSupplier`,`idPsProduct`),
  KEY `fk_product_supplier_product` (`idPsProduct`),
  KEY `idx_productSupplier_supplier` (`idPsSupplier`),
  CONSTRAINT `fk_product_supplier_product` FOREIGN KEY (`idPsProduct`) REFERENCES `product` (`idProduct`),
  CONSTRAINT `fk_product_supplier_supplier` FOREIGN KEY (`idPsSupplier`) REFERENCES `supplier` (`idSupplier`)
) ENGINE=InnoDB DEFAULT CHARSET=utf8mb4 COLLATE=utf8mb4_0900_ai_ci;
/*!40101 SET character_set_client = @saved_cs_client */;

--
-- Dumping data for table `productsupplier`
--

LOCK TABLES `productsupplier` WRITE;
/*!40000 ALTER TABLE `productsupplier` DISABLE KEYS */;
INSERT INTO `productsupplier` VALUES (1,154,500),(1,155,400),(2,157,633),(2,158,10),(3,156,5);
/*!40000 ALTER TABLE `productsupplier` ENABLE KEYS */;
UNLOCK TABLES;

--
-- Table structure for table `salary_history`
--

DROP TABLE IF EXISTS `salary_history`;
/*!40101 SET @saved_cs_client     = @@character_set_client */;
/*!50503 SET character_set_client = utf8mb4 */;
CREATE TABLE `salary_history` (
  `employee_id` char(9) DEFAULT NULL,
  `old_salary` decimal(10,2) DEFAULT NULL,
  `new_salary` decimal(10,2) DEFAULT NULL,
  `update_date` timestamp NULL DEFAULT CURRENT_TIMESTAMP
) ENGINE=InnoDB DEFAULT CHARSET=utf8mb4 COLLATE=utf8mb4_0900_ai_ci;
/*!40101 SET character_set_client = @saved_cs_client */;

--
-- Dumping data for table `salary_history`
--

LOCK TABLES `salary_history` WRITE;
/*!40000 ALTER TABLE `salary_history` DISABLE KEYS */;
/*!40000 ALTER TABLE `salary_history` ENABLE KEYS */;
UNLOCK TABLES;

--
-- Table structure for table `seller`
--

DROP TABLE IF EXISTS `seller`;
/*!40101 SET @saved_cs_client     = @@character_set_client */;
/*!50503 SET character_set_client = utf8mb4 */;
CREATE TABLE `seller` (
  `idSeller` int NOT NULL AUTO_INCREMENT,
  `socialName` varchar(255) NOT NULL,
  `AbstName` varchar(255) DEFAULT NULL,
  `CNPJ` char(15) DEFAULT NULL,
  `CPF` char(9) DEFAULT NULL,
  `location` varchar(255) DEFAULT NULL,
  `contact` char(11) NOT NULL,
  PRIMARY KEY (`idSeller`),
  UNIQUE KEY `unique_cnpj_supplier` (`CNPJ`),
  UNIQUE KEY `unique_cpf_supplier` (`CPF`)
) ENGINE=InnoDB AUTO_INCREMENT=4 DEFAULT CHARSET=utf8mb4 COLLATE=utf8mb4_0900_ai_ci;
/*!40101 SET character_set_client = @saved_cs_client */;

--
-- Dumping data for table `seller`
--

LOCK TABLES `seller` WRITE;
/*!40000 ALTER TABLE `seller` DISABLE KEYS */;
INSERT INTO `seller` VALUES (1,'Tech eletronics',NULL,'123456789456321',NULL,'Rio de Janeiro','219946287'),(2,'Botique Durgas',NULL,NULL,'123456783','Rio de Janeiro','219567895'),(3,'Kids World',NULL,'456789123654485',NULL,'São Paulo','1198657484');
/*!40000 ALTER TABLE `seller` ENABLE KEYS */;
UNLOCK TABLES;

--
-- Table structure for table `storagelocation`
--

DROP TABLE IF EXISTS `storagelocation`;
/*!40101 SET @saved_cs_client     = @@character_set_client */;
/*!50503 SET character_set_client = utf8mb4 */;
CREATE TABLE `storagelocation` (
  `idLproduct` int NOT NULL,
  `idLstorage` int NOT NULL,
  `location` varchar(255) NOT NULL,
  PRIMARY KEY (`idLproduct`,`idLstorage`),
  KEY `fk_storage_location_storage` (`idLstorage`),
  CONSTRAINT `fk_storage_location_product` FOREIGN KEY (`idLproduct`) REFERENCES `product` (`idProduct`),
  CONSTRAINT `fk_storage_location_storage` FOREIGN KEY (`idLstorage`) REFERENCES `productstorage` (`idProdStorage`)
) ENGINE=InnoDB DEFAULT CHARSET=utf8mb4 COLLATE=utf8mb4_0900_ai_ci;
/*!40101 SET character_set_client = @saved_cs_client */;

--
-- Dumping data for table `storagelocation`
--

LOCK TABLES `storagelocation` WRITE;
/*!40000 ALTER TABLE `storagelocation` DISABLE KEYS */;
INSERT INTO `storagelocation` VALUES (154,2,'RJ'),(159,6,'DF');
/*!40000 ALTER TABLE `storagelocation` ENABLE KEYS */;
UNLOCK TABLES;

--
-- Table structure for table `supplier`
--

DROP TABLE IF EXISTS `supplier`;
/*!40101 SET @saved_cs_client     = @@character_set_client */;
/*!50503 SET character_set_client = utf8mb4 */;
CREATE TABLE `supplier` (
  `idSupplier` int NOT NULL AUTO_INCREMENT,
  `socialName` varchar(255) NOT NULL,
  `CNPJ` char(15) NOT NULL,
  `contact` char(11) NOT NULL,
  PRIMARY KEY (`idSupplier`),
  UNIQUE KEY `unique_supplier` (`CNPJ`),
  KEY `idx_supplier_id` (`idSupplier`)
) ENGINE=InnoDB AUTO_INCREMENT=4 DEFAULT CHARSET=utf8mb4 COLLATE=utf8mb4_0900_ai_ci;
/*!40101 SET character_set_client = @saved_cs_client */;

--
-- Dumping data for table `supplier`
--

LOCK TABLES `supplier` WRITE;
/*!40000 ALTER TABLE `supplier` DISABLE KEYS */;
INSERT INTO `supplier` VALUES (1,'Almeida e filhos','123456789123456','21985474'),(2,'Eletrônicos Silva','854519649143457','21985484'),(3,'Eletrônicos Valma','934567893934695','21975474');
/*!40000 ALTER TABLE `supplier` ENABLE KEYS */;
UNLOCK TABLES;

--
-- Dumping events for database 'ecommerce'
--

--
-- Dumping routines for database 'ecommerce'
--
SET @@SESSION.SQL_LOG_BIN = @MYSQLDUMP_TEMP_LOG_BIN;
/*!40103 SET TIME_ZONE=@OLD_TIME_ZONE */;

/*!40101 SET SQL_MODE=@OLD_SQL_MODE */;
/*!40014 SET FOREIGN_KEY_CHECKS=@OLD_FOREIGN_KEY_CHECKS */;
/*!40014 SET UNIQUE_CHECKS=@OLD_UNIQUE_CHECKS */;
/*!40101 SET CHARACTER_SET_CLIENT=@OLD_CHARACTER_SET_CLIENT */;
/*!40101 SET CHARACTER_SET_RESULTS=@OLD_CHARACTER_SET_RESULTS */;
/*!40101 SET COLLATION_CONNECTION=@OLD_COLLATION_CONNECTION */;
/*!40111 SET SQL_NOTES=@OLD_SQL_NOTES */;

-- Dump completed on 2026-03-18 16:51:29
